title,author,type,view,like,coin,favorite,share,danmaku,pubdate,bvid,arcurl
《崩坏：星穹铁道》动画短片：「那安息的长夜」,崩坏星穹铁道,游戏,6049704,487569,328868,169494,101822,68287,1743393600,BV16io9YTEqH,https://www.bilibili.com/video/BV16io9YTEqH
《绝区零》星徽骑士EP丨拂晓之空 闪耀之誓,绝区零,游戏,1698790,223493,60778,33634,24504,25856,1743472800,BV1HTZpYSExJ,https://www.bilibili.com/video/BV1HTZpYSExJ
《鸣潮》0.1版本PV | 缩拉里斯,鸣潮,游戏,2756421,267843,84151,43914,47983,24963,1743476833,BV1JcZtYFEDq,https://www.bilibili.com/video/BV1JcZtYFEDq
海龟汤（2）,高斯Goh,游戏,6599488,253141,98095,128197,5082,20468,1743566400,BV1H5Z4YhEsn,https://www.bilibili.com/video/BV1H5Z4YhEsn
《ARK no NIGHTS》即将上映,明日方舟,游戏,1865814,152157,43163,24895,53952,10505,1743472800,BV1NLZHYxEdH,https://www.bilibili.com/video/BV1NLZHYxEdH
我的世界克苏鲁全集：一口气看完,这名玩家,游戏,17103646,237833,58320,596690,4879,7409,1743289515,BV1GyZYYNErW,https://www.bilibili.com/video/BV1GyZYYNErW
《王 牌 空 姐》,老番茄,游戏,3414372,153643,21677,30455,2688,7471,1743415200,BV1GEZEYdEwn,https://www.bilibili.com/video/BV1GEZEYdEwn
简单融个号助力忍界大战,うちは花の音,游戏,1077520,134799,100371,15496,3826,2326,1743397300,BV153ZEYhE1N,https://www.bilibili.com/video/BV153ZEYhE1N
发个旧视频证明还在永久免费,慕讯公益,游戏,1416210,124968,81373,83085,10753,503,1743448031,BV19AZWY3EHr,https://www.bilibili.com/video/BV19AZWY3EHr
“我花了5年一个人做的独立像素游戏4月17日就要上线啦！”,换影循迹官方,游戏,3353796,691863,161379,134936,7648,37200,1743419846,BV1eqZJYaESc,https://www.bilibili.com/video/BV1eqZJYaESc
射手，我们该算算旧账了！,尴尬的铁根er,游戏,4727983,141530,4177,12709,4435,1626,1743504206,BV17tZhYMEDq,https://www.bilibili.com/video/BV17tZhYMEDq
最感动结局《说谎公主与盲眼王子》,谢谢我很喜欢丨,游戏,6094247,216538,38057,267770,12381,1366,1743334969,BV1qKZzYsECv,https://www.bilibili.com/video/BV1qKZzYsECv
4月1日版本更新速览丨新干员新武器即将加入！,三角洲行动,游戏,1994210,84748,5814,38578,23621,3150,1743472800,BV1bRZWYiEmb,https://www.bilibili.com/video/BV1bRZWYiEmb
当我在游戏里为“狙击手”拍照...【绝区零摄影第六期】,语堂天天啃土,游戏,2252173,281121,61806,73165,13435,726,1743573419,BV1pJfNYrExn,https://www.bilibili.com/video/BV1pJfNYrExn
请选择你的穿搭！永劫无间新模式“衣V衣”实机演示,永劫无间官方,游戏,2654356,75009,5673,10642,37427,4689,1743479409,BV1j4Z4YpELF,https://www.bilibili.com/video/BV1j4Z4YpELF
双影奇境 第八期，大结局,鲤鱼Ace,游戏,6109504,71263,23736,157130,701,12628,1743417874,BV1EKZnYkEqB,https://www.bilibili.com/video/BV1EKZnYkEqB
【崩铁】遐蝶综合测评：死龙一喷！武器对比+抽取建议+配队思路+星魂提升，砍队友型大C,卡特亚,游戏,3178375,151759,27978,30711,9777,25518,1743566400,BV1tNfAYVEDT,https://www.bilibili.com/video/BV1tNfAYVEDT
牛奶奶才是唯一真神.丨恐怖游戏《地狱钱汤》重制版03,小熊flippy,游戏,669410,55815,57745,18613,2094,9095,1743413279,BV1anZnYAERq,https://www.bilibili.com/video/BV1anZnYAERq
还有12小时，我们做了4年的游戏就要上线了……,开放空间官方,游戏,1329040,51913,6084,38839,2938,910,1743446194,BV1QTZWYBE8W,https://www.bilibili.com/video/BV1QTZWYBE8W
大合集,四大天王毁约,游戏,4732211,11608,3069,99387,54,253,1743333316,BV1T2ZBYuEwV,https://www.bilibili.com/video/BV1T2ZBYuEwV
就算失败，我也想知道自己倒在距离终点多远的地方,阿喵的小生活,游戏,5536712,607013,172071,31809,23202,7288,1743327000,BV1VmZqYUE87,https://www.bilibili.com/video/BV1VmZqYUE87
飞！！雷！！神！！！！,江肥肠,游戏,6749914,100634,4646,113324,1266,1533,1743420600,BV1ubZnYoEQY,https://www.bilibili.com/video/BV1ubZnYoEQY
【明日方舟】我成整合运动了？愚人节关卡攻略合集！  |魔法Zc目录,魔法Zc目录,游戏,1813999,54998,7059,10308,3070,2127,1743503475,BV17bZhYqEY3,https://www.bilibili.com/video/BV17bZhYqEY3
“可是遐蝶姐姐的手明明很温暖啊...尽情拥抱吧.”【遐蝶×好想爱这个世界啊】,念北风_,游戏,820286,106229,45760,49972,8666,14595,1743412686,BV1GnZnYAEwx,https://www.bilibili.com/video/BV1GnZnYAEwx
全新邪门出装——冰冻亚瑟，能推塔能打团,磊哥游戏,游戏,1469110,87199,3003,4560,1780,1504,1743408587,BV1wyZnY2Epy,https://www.bilibili.com/video/BV1wyZnY2Epy
谁懂打一半屏幕上出现好友电话的救赎感？【S渔女】,痒痒请安,游戏,1993803,116443,4968,35617,4265,864,1743433033,BV1ksZHYEEUD,https://www.bilibili.com/video/BV1ksZHYEEUD
全球首杀！Phigros新愚人节魔王 Dlyrotz SP All Perfect！,沉默-_-微笑,游戏,971034,99905,23660,18834,13525,25929,1743475586,BV1AQZ4YKEXu,https://www.bilibili.com/video/BV1AQZ4YKEXu
"工作时请不要忘记猫咪,否则会出大问题！",与山0v0,游戏,1231164,83201,14349,21054,1329,5305,1743589271,BV1iFfTYAEGT,https://www.bilibili.com/video/BV1iFfTYAEGT
永远在追求极致的鸣潮！“二游有很多难忘瞬间，你游未免太多了吧！”,哇周某人,游戏,688568,119584,68308,49396,4779,2188,1743566400,BV1aCZHYKEpY,https://www.bilibili.com/video/BV1aCZHYKEpY
真刺激，真定档！暗区突围端游国服4月29日正式上线！,暗区突围无限,游戏,1128618,39432,1439,4958,3626,317,1743502005,BV154Z4YpEid,https://www.bilibili.com/video/BV154Z4YpEid
蛋仔奖励时间点❗️最全攻略收好❗️,蛋仔派对芒果,游戏,1207942,10643,4465,122541,64,18,1743506091,BV13yZhY4Ey6,https://www.bilibili.com/video/BV13yZhY4Ey6
《原神》过场动画-「菇菇餮宴」,原神,游戏,712866,73596,12653,13522,2379,1391,1743480000,BV1Y6ZJY8EeE,https://www.bilibili.com/video/BV1Y6ZJY8EeE
【亚某爆料时间】公孙离FMVP新皮肤【云诺千山】爆料来袭！,王者荣耀,游戏,1166395,25812,2849,3861,24775,7391,1743503825,BV1dmZtYoEWd,https://www.bilibili.com/video/BV1dmZtYoEWd
【ARK no NIGHTS】AK-1至AK-8全关卡满星通关攻略 简单好抄（愚人节活动：反抗者之辉：决战罗德岛！ARKnoKNIGHTS））,萧然Q,游戏,1324889,25026,9514,4747,1704,1163,1743498740,BV1MKZbY1EBP,https://www.bilibili.com/video/BV1MKZbY1EBP
你的破军确实挺不错的，拿来吧你！！！,佐悠-Leisurely,游戏,2779394,102538,8972,46960,2469,845,1743328800,BV1m6ZiYeERy,https://www.bilibili.com/video/BV1m6ZiYeERy
全网最细自定义准星调试方法 助你腰射脱胎换骨！,旧安和平精英,游戏,1825210,18651,4818,135174,144,47,1743411198,BV1i3ZnYuEU6,https://www.bilibili.com/video/BV1i3ZnYuEU6
"Pi,mc,极限生存OVA",少年Pi,游戏,347460,40561,31863,12909,4339,5660,1743436800,BV1ZYZyY3EWS,https://www.bilibili.com/video/BV1ZYZyY3EWS
扫除游戏健康生态“新害虫”，米哈游协助警方斩断“游戏账号非法租售黑灰产”链条,米哈游法务部,游戏,948811,171910,28217,10008,15282,0,1743383400,BV1b4ZrYUEef,https://www.bilibili.com/video/BV1b4ZrYUEef
！奇 曲 蛊 整,卡丘啊那个卡丘,游戏,1667051,170305,2239,21044,1663,546,1743468600,BV11WZxYvE35,https://www.bilibili.com/video/BV11WZxYvE35
《奥恩会惩罚那些小瞧他的人》——山羊VS刀妹,三桥qzg,游戏,936958,83437,16928,2265,462,4225,1743413769,BV1GnZnYAEtn,https://www.bilibili.com/video/BV1GnZnYAEtn
王老菊教你二次元魂油01：可以取消的巨剑,怕上火暴王老菊,游戏,1194206,42930,35175,12290,3929,13299,1743603403,BV1X8fMYhENU,https://www.bilibili.com/video/BV1X8fMYhENU
专练胸大肌,Z贤者,游戏,1430726,37127,2071,26149,3981,2246,1743325865,BV15DZzYsEG4,https://www.bilibili.com/video/BV15DZzYsEG4
草里面怎么冒蓝光？,吹散z,游戏,1217327,90746,4237,27814,1090,206,1743412800,BV1HdZ7YrEdt,https://www.bilibili.com/video/BV1HdZ7YrEdt
大海贼时代降临,王者木木子,游戏,2209206,190973,6704,26266,14223,541,1743477425,BV1fAZtYoEnW,https://www.bilibili.com/video/BV1fAZtYoEnW
三叶大嘴花，僵尸吹进嘴！,潜艇伟伟迷,游戏,1439836,63897,1834,2779,605,805,1743476400,BV1CEZHYpEyf,https://www.bilibili.com/video/BV1CEZHYpEyf
评分4.3！没有人类了！Ave Mujica颂乐人偶完结吐槽！,瓶子君152,游戏,2775392,159004,62624,38409,31163,9040,1743333255,BV11mZBYqEbS,https://www.bilibili.com/video/BV11mZBYqEbS
载入史册！100%减伤，弑神三星五费。,云顶猫咪,游戏,1186503,34386,13527,1504,1349,429,1743478158,BV1HXZ4YvEUm,https://www.bilibili.com/video/BV1HXZ4YvEUm
2025年的FPS游戏画质应该是怎样的？,黑镖客梦回,游戏,1060369,40222,1211,4480,1870,816,1743504002,BV1BHZ4YdE6k,https://www.bilibili.com/video/BV1BHZ4YdE6k
明明开发的是游戏！玩家却催厂商去做卫生巾？,张子zi,游戏,1722984,42359,2595,5879,2129,5060,1743328800,BV1TQZhYQEXe,https://www.bilibili.com/video/BV1TQZhYQEXe
“你们可能不相信，但这就是绝区零玩家的日常”,ODer刹,游戏,1090747,148283,41429,46501,3090,406,1743418800,BV1ZGZnYBEHg,https://www.bilibili.com/video/BV1ZGZnYBEHg
并不是当上火影才能被认可 而是被认可的人才能成为火影 去年顶着黑眼圈兢兢业业做忍者的千代 也许也曾天真的以为 只要自己足够努力就能让火影圈变得更好...,是古灵大天才,游戏,892810,126381,7616,13993,1991,17060,1743408689,BV1cyZnY2Eu7,https://www.bilibili.com/video/BV1cyZnY2Eu7
价值129的MC官方食谱，能还原MC的食物吗？【游戏之外】,史蒂猪StevenPig,游戏,3165470,210715,15293,46997,4944,2584,1743210000,BV1v9oZY3Efq,https://www.bilibili.com/video/BV1v9oZY3Efq
盘点地铁逃生4月8号新版本更新六个优化？提前了解新版本改动！,千阳的地铁逃生,游戏,1167637,4825,1124,48220,22,400,1743415249,BV1p6ZnYJEio,https://www.bilibili.com/video/BV1p6ZnYJEio
挑战拿捏个大主播酷二狗 vs 卤蛋,地铁逃生丨一哥,游戏,3716059,4587,1115,41885,20,61,1743343268,BV184ZrYUEwt,https://www.bilibili.com/video/BV184ZrYUEwt
和几十名玩家一起，吃一顿欠了十二年的饭,小橙子姐姐解说,游戏,604973,71310,544,7078,119,244,1743391922,BV15dZEYhErZ,https://www.bilibili.com/video/BV15dZEYhErZ
融合植物203：重装窝炬与焱爆窝瓜！,蓝飘飘fly,游戏,750409,34495,3816,3320,489,1665,1743462000,BV1BiZWYUEXi,https://www.bilibili.com/video/BV1BiZWYUEXi
绝密巴克什跑刀凑战备教学,小懿三角洲行动,游戏,1377125,57199,14676,131302,1765,338,1743316906,BV1vNZqY7EK6,https://www.bilibili.com/video/BV1vNZqY7EK6
赛博败家子儿星铁：送240万设定集，把印刷厂整破防了｜顺便讲点背后的商业逻辑,退役编辑雨上,游戏,1753960,97418,7568,14467,13015,4656,1743326160,BV1V9ZzYpENN,https://www.bilibili.com/video/BV1V9ZzYpENN
我们真是太有凝聚力了！,白泽-三角洲行动,游戏,2564690,67101,2054,51228,251,240,1743392400,BV15dZrYfEfk,https://www.bilibili.com/video/BV15dZrYfEfk
【鸣潮摄影】震撼圈外人，二游场景已经进化成这样了吗？！,洛灯盏,游戏,819850,72415,13159,16746,5904,571,1743325200,BV1hoZqYkEp3,https://www.bilibili.com/video/BV1hoZqYkEp3
爆肝200小时！诚意巨制《死亡搁浅》电影版,凯文不是大叔,游戏,875951,60665,44978,56663,5766,3836,1743501600,BV19RZEYcEBx,https://www.bilibili.com/video/BV19RZEYcEBx
番茄赤石天花板！《白蛇》：这是人类能写出来的小说？？？【仙粮榜13】,千月的书屋,游戏,2403694,91065,3731,21241,14628,9248,1743300607,BV1n8ZvYpE1b,https://www.bilibili.com/video/BV1n8ZvYpE1b
木叶特别情报，宇智波泉奈技能抢先看！,火影忍者手游情报君,游戏,1184744,24725,938,3417,3168,21933,1743597655,BV1FufKYMEQ3,https://www.bilibili.com/video/BV1FufKYMEQ3
我的世界：替代品危机之黎明的反击,哎呀是小米蕉wow,游戏,2064480,1693,499,19759,8,25,1743462000,BV1hSZHYwEP2,https://www.bilibili.com/video/BV1hSZHYwEP2
新干员终于来啦！突击位里唯一的残疾登场！鼠不如蜂医，攻不如花来威龙「三角洲行动」,Key725,游戏,864488,19617,282,2270,4228,1174,1743413501,BV1GWZnYcELC,https://www.bilibili.com/video/BV1GWZnYcELC
充满遗憾！燕云河西版本到底讲了什么？,利维坦mY,游戏,593939,26167,5441,4762,1965,1307,1743413400,BV1seZEY1EPS,https://www.bilibili.com/video/BV1seZEY1EPS
盖伦的公式对线,峡谷混学家,游戏,903769,45014,4365,1427,451,925,1743501600,BV1jbZbYfECH,https://www.bilibili.com/video/BV1jbZbYfECH
斥巨资暴力拿下金色大象！皮卡新皮肤测评来咯！,错眉,游戏,518058,47893,28580,3410,1061,1206,1743509399,BV15oZ8Y8ERG,https://www.bilibili.com/video/BV15oZ8Y8ERG
【A隐】雷霆半月斩最细教学,拉不住你的心弦,游戏,1229133,75530,6606,59371,5921,379,1743493588,BV1GqZbYWEM5,https://www.bilibili.com/video/BV1GqZbYWEM5
【火兰短报】甲亢哥中国游，永劫春季赛，上周发生了什么乐子？,火兰朋克,游戏,667180,23895,4643,2226,628,2095,1743427751,BV1uaZpYYEYL,https://www.bilibili.com/video/BV1uaZpYYEYL
一个营造恐怖氛围的模组被我玩成了CQB模组,灵厄是狼,游戏,1027154,39261,290,4828,407,270,1743341809,BV1qgZrY8EHC,https://www.bilibili.com/video/BV1qgZrY8EHC
吕布你敢不敢躲草丛里突然跳出来吓大货车一跳,风槐a,游戏,3478413,250849,4600,43378,13555,408,1743234108,BV1hXZcYzE3K,https://www.bilibili.com/video/BV1hXZcYzE3K
《原神》希诺宁、西特菈莉绝对是影帝级的！阿乔真的太惨了,一位旅行者的账号,游戏,397974,45154,627,18153,603,163,1743490741,BV1FFZ8YBEZY,https://www.bilibili.com/video/BV1FFZ8YBEZY
你知道小丑阿巴为什么说想要永远守护斯黛拉吗？,蛋仔阿查,游戏,3255994,11104,10420,121422,17,116,1743490300,BV1woZbY6Eeo,https://www.bilibili.com/video/BV1woZbY6Eeo
0号大坝来袭，扶贫炸裂内容来袭,老6使劲叫唤战区,游戏,2364949,40716,1525,16200,316,689,1743489808,BV1KuZ6YGEN7,https://www.bilibili.com/video/BV1KuZ6YGEN7
【怪物猎人荒野】什么？荒野里有爆鳞龙？,TeamDarkside,游戏,1299068,37938,2289,5338,22148,490,1743494400,BV1G8ZsYkEUG,https://www.bilibili.com/video/BV1G8ZsYkEUG
明日S14开服玩什么？11套强势阵容推荐！【云顶之弈】【金铲铲之战】,林小北Lindo,游戏,847190,14372,2246,6748,2972,228,1743503400,BV1ASZ4YqE21,https://www.bilibili.com/video/BV1ASZ4YqE21
蛋仔派对：冈易你就跟玩家学吧！这才是玩家想要的福利！,醒醒点灯呐,游戏,804463,7835,2294,75454,3,11,1743411000,BV1T3ZJYnEiZ,https://www.bilibili.com/video/BV1T3ZJYnEiZ
迅如疾风，动若雷霆！战场上的红色战神！-远见传奇【达奇】战锤40K故事,达奇上校,游戏,584866,27064,10677,4907,907,6298,1743418800,BV1i3ZEYhEDV,https://www.bilibili.com/video/BV1i3ZEYhEDV
《镭明闪击》塔攻测试PV：你为人类盗来火种，人类可曾歌颂过你？,镭明闪击官方,游戏,966381,13563,1227,4968,496,98,1743559200,BV1H6ZuYSEYh,https://www.bilibili.com/video/BV1H6ZuYSEYh
新赛季典韦出装铭文！,贝利亚--倪岚,游戏,1375639,34759,4846,88059,482,63,1743532222,BV1sPZfYtEbH,https://www.bilibili.com/video/BV1sPZfYtEbH
三国杀up锐评新三国82：竟然不许！！！,吃蛋挞的折棒,游戏,663002,25478,18382,2499,454,9268,1743472800,BV1nKZpYnEXy,https://www.bilibili.com/video/BV1nKZpYnEXy
开局爆氪1万块！挑战速通曾经火遍全球的海岛奇兵？！,一叮当猫一,游戏,1090383,43173,14667,7386,1815,1677,1743498860,BV1s3ZbY3E3V,https://www.bilibili.com/video/BV1s3ZbY3E3V
只吃一分豆多久能过关？,蛋仔小海绵1,游戏,1020103,6071,6106,70500,4,15,1743260661,BV147ZYYXEu6,https://www.bilibili.com/video/BV147ZYYXEu6
蛋仔派对：新手教程暗藏地牢？幕后老大曝光，他要毁灭新手玩家！,游小浪Game,游戏,2601070,4420,1047,28029,52,209,1743497233,BV1aoZtYDEZG,https://www.bilibili.com/video/BV1aoZtYDEZG
七个ai吗？有点意思啊,小似睡不醒,游戏,1398265,87494,9313,66397,26665,382,1743327955,BV18EZzYjEhr,https://www.bilibili.com/video/BV18EZzYjEhr
lol愚人节彩蛋：风龙变派对龙，小兵删浏览器记录！企鹅盖伦,葡萄的叮当猫,游戏,669088,12474,354,833,6059,569,1743480300,BV1UWZtYVEee,https://www.bilibili.com/video/BV1UWZtYVEee
在游戏里复刻中国古都为什么那么难？,搅拌摩擦的石叶,游戏,907877,45071,3671,11905,1227,1765,1743328800,BV1mnZqYTEYM,https://www.bilibili.com/video/BV1mnZqYTEYM
好久没和白菜打LOL了,橘子怪丶,游戏,646966,28384,5785,1577,579,1199,1743472800,BV1HPZpYQEsD,https://www.bilibili.com/video/BV1HPZpYQEsD
【星穹铁道】3.1混沌回忆（出故乡记）低金满星攻略教学，保姆级操作细节讲解+打法思路分享,墨色长安,游戏,695773,17181,2017,1496,2921,1222,1743401812,BV1sQZ7Y5EEc,https://www.bilibili.com/video/BV1sQZ7Y5EEc
《玩了几天诺手治好了我三年抑郁症😋》,困困君丶,游戏,795625,54717,2271,927,1490,481,1743417342,BV1WdZJYJEaP,https://www.bilibili.com/video/BV1WdZJYJEaP
我们要照顾玩家情绪,细胞人Ssski,游戏,799928,42504,3000,3051,534,2560,1743479294,BV1qHZ4YdEUU,https://www.bilibili.com/video/BV1qHZ4YdEUU
《研究所四连天命圈扛毒拼药0.7秒极限吃鸡》,苟着吃个梨,游戏,1544008,2083,326,15475,1,8,1743142370,BV1skoDYiEjH,https://www.bilibili.com/video/BV1skoDYiEjH
地铁新手博尔特打法诞生，没技术也能日赚千万！,虚无-和平精英,游戏,1840022,11095,2643,42466,257,500,1743449046,BV12nZWYfE7F,https://www.bilibili.com/video/BV12nZWYfE7F
抢先体验逆战手游，这品质值得玩家等13年吗？,国电武术馆馆长,游戏,1140247,15903,2305,2686,1327,1541,1743394700,BV1K8ZEYEEK4,https://www.bilibili.com/video/BV1K8ZEYEEK4
魂被创飞！氪穿保底？新载具摩托帅炸了！皮蛋节攻略速看,蛋仔懒涯涯,游戏,3714282,14068,9595,162432,32,193,1743157525,BV1SEo9YUEx3,https://www.bilibili.com/video/BV1SEo9YUEx3
lol愚人节彩蛋：破败王无法占据琴女！石头人可将敌人R出游戏！,布锅锅,游戏,712355,12658,177,572,2730,377,1743492730,BV1qtZbY8EDh,https://www.bilibili.com/video/BV1qtZbY8EDh
【克苏鲁异闻录】：这真能做麻辣兔头！？,拖更的可达鸭,游戏,1257379,12687,2946,70022,34,58,1743419395,BV1cWZJYGERf,https://www.bilibili.com/video/BV1cWZJYGERf
《重返未来：1999》冷周六PV：注意！软着陆 （寻蛇！寻冷周六）,重返未来1999,游戏,486255,34411,7953,7393,5588,1640,1743480000,BV1wDXNYfERE,https://www.bilibili.com/video/BV1wDXNYfERE
